INSERT INTO mcmillanhris.employee(fname, lname, address, city, state, zip, email, phone, employment_status)
VALUES
('Sarah', 'Brown', '77 High Street', 'Minneapolis', 'MN', '56792', 'sarahbrown@gmail.com', '123-456-7890', 'hired'),
('Penny', 'Smart', '99 12th Street', 'Tampa', 'FL', '56792', 'pennysmart@gmail.com', '234-567-8901', 'hired'),
('Andrew', 'Nimble', '776 Willow Street', 'Tampa', 'FL', '56793', 'andrewnimble@gmail.com', '345-678-9012', 'hired'),
('Terry', 'Gatlin', '555 Main Street', 'Charlotte', 'NC', '32978', 'terrygatlin@gmail.com', '456-789-0123', 'hired'),
('Martin', 'Finefield', '42 N Southeast Street', 'Charlotte', 'NC', '32975', 'martinfinefield@gmail.com', '567-890-1234', 'hired'),
('Rueben', 'Flack', '36 N Cumberland Street', 'Charlotte', 'NC', '32978', 'ruebenflack@gmail.com', '678-901-2345', 'hired'),
('Curtis', 'Stack', '47 Market Street', 'Minneapolis', 'MN', '47965', 'curtisstack@gmail.com', '789-012-3456', 'hired'),
('Conor', 'Phalegn', '35 Maple Street', 'Minneapolis', 'MN', '47966', 'conorphalegan@gmail.com', '890-123-4567', 'hired'),
('Paul', 'Gray', '88 Pine Street', 'Tampa', 'FL', '56794', 'paulgray@gmail.com', '901-234-5678', 'hired'),
('Richard', 'Robinson', '96 Jefferson Street', 'Minneapolis', 'MN', '47966', 'richardrobinson@gmail.com', '012-345-6789', 'hired'),
('Adam', 'Huxley', '87 Summit Ave', 'Charlotte', 'NC', '32986', 'adamhuxley@gmail.com', '098-765-4321', 'hired'),
('Adam', 'Reign', '110 Liberty Ave', 'Tampa', 'FL', '56794', 'adamreign@gmail.com', '438-898-8580', 'hired'),
('Ryan', 'Huntsman', '120 Liberty Ave', 'Tampa', 'FL', '56794', 'ryanhuntsman@gmail.com', '597-285-9653', 'hired'),
('Ruth', 'Chestfield', '150 Jeffersonville Ave', 'Charlotte', 'NC', '32986', 'ruthchestfield@gmail.com', '380-570-6840', 'hired'),
('Abagail', 'West', '18 Chestnut Ave', 'Charlotte', 'NC', '32984', 'abagailwest@gmail.com', '475-858-3685', 'hired'),
('Hope', 'Lansidy', '15 Green Street', 'Minneapolis', 'MN', '47966', 'hopelansidy@gmail.com', '483-975-7359', 'hired'),
('Hazel', 'Wright', '145 Green Street', 'Minneapolis', 'MN', '47966', 'hazelwright@gmail.com', '468-720-8508', 'hired'),
('Ava', 'Smith', '256 Broad Street', 'Tampa', 'FL', '56794', 'avasmith@gmail.com', '486-839-5729', 'hired'),
('Harper', 'Langley', '395 Pearl Street', 'Charlotte', 'NC', '32984', 'harperlangley@gmail.com', '497-868-8357', 'hired'),
('Chloe', 'Hansley', '567 Mill Street', 'Charlotte', 'NC', '32984', 'chloehansley@gmail.com', '597-808-9749', 'hired');

INSERT INTO benefits(emplid, healthcare, dentalcare, annual_sickdays, annual_vacationdays, pension, ira, maternityleave)
VALUES
	(1, "Blue Cross Blue Shield", "Blue Cross Blue Shield",3, 20, 1026.2,"true", "20 paid days, 60 unpaid days"),
	(2, "Blue Cross Blue Shield", "Blue Cross Blue Shield",3, 20, 1026.2,"true", "20 paid days, 60 unpaid days"),
	(3, "Blue Cross Blue Shield", "Blue Cross Blue Shield",3, 20, 1026.2,"true", "20 paid days, 60 unpaid days"),
	(4, "Blue Cross Blue Shield", "Blue Cross Blue Shield",3, 20, 1026.2,"true", "20 paid days, 60 unpaid days"),
    (5, "Blue Cross Blue Shield", "Blue Cross Blue Shield",3, 20, 1026.2,"true", "20 paid days, 60 unpaid days"),
    (6, "Blue Cross Blue Shield", "Blue Cross Blue Shield",3, 20, 1026.2,"true", "20 paid days, 60 unpaid days"),
    (7, "Blue Cross Blue Shield", "Blue Cross Blue Shield",3, 20, 1026.2,"true", "20 paid days, 60 unpaid days"),
    (8, "Blue Cross Blue Shield", "Blue Cross Blue Shield",3, 20, 1026.2,"true", "20 paid days, 60 unpaid days"),
    (9, "Blue Cross Blue Shield", "Blue Cross Blue Shield",3, 20, 1026.2,"true", "20 paid days, 60 unpaid days"),
    (10, "Blue Cross Blue Shield", "Blue Cross Blue Shield",3, 20, 1026.2,"true", "20 paid days, 60 unpaid days"),
    (11, "Blue Cross Blue Shield", "Blue Cross Blue Shield",3, 20, 1026.2,"true", "20 paid days, 60 unpaid days"),
    (12, "Blue Cross Blue Shield", "Blue Cross Blue Shield",3, 20, 1026.2,"true", "20 paid days, 60 unpaid days"),
    (13, "Blue Cross Blue Shield", "Blue Cross Blue Shield",3, 20, 1026.2,"true", "20 paid days, 60 unpaid days"),
    (14, "Blue Cross Blue Shield", "Blue Cross Blue Shield",3, 20, 1026.2,"true", "20 paid days, 60 unpaid days"),
    (15, "Blue Cross Blue Shield", "Blue Cross Blue Shield",3, 20, 1026.2,"true", "20 paid days, 60 unpaid days"),
    (16, "Blue Cross Blue Shield", "Blue Cross Blue Shield",3, 20, 1026.2,"true", "20 paid days, 60 unpaid days"),
    (17, "Blue Cross Blue Shield", "Blue Cross Blue Shield",3, 20, 1026.2,"true", "20 paid days, 60 unpaid days"),
    (18, "Blue Cross Blue Shield", "Blue Cross Blue Shield",3, 20, 1026.2,"true", "20 paid days, 60 unpaid days"),
    (19, "Blue Cross Blue Shield", "Blue Cross Blue Shield",3, 20, 1026.2,"true", "20 paid days, 60 unpaid days"),
    (20, "Blue Cross Blue Shield", "Blue Cross Blue Shield",3, 20, 1026.2,"true", "20 paid days, 60 unpaid days");

INSERT INTO state_tax(emplid, required, rate)
VALUES
	(1, true, 6.8),
    (2, true, 6.0),
    (3, true, 6.0),
    (4, true, 4.7),
    (5, true, 4.7),
    (6, true, 4.7),
    (7, true, 6.8),
    (8, true, 6.8),
    (9, true, 6.0),
    (10, true, 6.8),
    (11, true, 4.7),
    (12, true, 6.0),
    (13, true, 6.0),
    (14, true, 4.7),
    (15, true, 4.7),
    (16, true, 6.8),
    (17, true, 6.8),
    (18, true, 6.0),
    (19, true, 4.7),
    (20, true, 4.7);

INSERT INTO federal_tax(emplid, bracket, rate)
VALUES
	(1, "40320", 12),
	(2, "57600", 22),
    (3, "34560", 12),
    (4, "34560", 12),
    (5, "134400", 24),
    (6, "155200", 24),
    (7, "172800", 32),
    (8, "40320", 12),
    (9, "155200", 24),
    (10, "34560", 12),
    (11, "40320", 12),
    (12, "134400", 24),
    (13, "40320", 12),
    (14, "172800", 32),
    (15, "57600", 22),
    (16, "134400", 24),
    (17, "134400", 24),
    (18, "155200", 24),
    (19, "57600", 22),
    (20, "34560", 12);

INSERT INTO payroll(emplid, rates, rates_overtime, totalhours, totalovertime, grosspay)
VALUES
	(1, 21, 31.5, 40, 0, 40320),
    (2, 30, 45, 40, 0, 56700),
    (3, 18, 27, 40, 0, 34560),
    (4, 18, 27, 40, 0, 34560),
    (5, 70, 105, 40, 0, 134400),
    (6, 60, 90, 40, 0, 155200),
    (7, 90, 135, 40, 0, 172800),
    (8, 21, 31.5, 40, 0, 40320),
    (9, 60, 90, 40, 0, 155200),
    (10, 18, 27, 40, 0, 34560),
    (11, 21, 31.5, 40, 0, 40320),
    (12, 70, 105, 40, 0, 134400),
    (13, 21, 31.5, 40, 0, 40320),
    (14, 90, 135, 40, 0, 172800),
    (15, 30, 45, 40, 0, 57600),
    (16, 70, 105, 40, 0, 134400),
    (17, 70, 105, 40, 0, 134400),
    (18, 60, 90, 40, 0, 155200),
    (19, 30, 45, 40, 0, 57600),
    (20, 18, 27, 40, 0, 34560);

INSERT INTO location(address, city, state)
VALUES
	("7750 Embul Lane", "Minneapolis", "MN"),
    ("99 Unlan Lane", "Tampa", "FL"),
    ("56 Purdue Lane", "Charlotte", "NC");

INSERT INTO departments(locid, title, employeecount)
VALUES
	(1, "Home Base", 30),
    (2, "Tampa", 6),
    (3, "Charlotte", 8);

INSERT INTO job(depid, emplid, title, started, ended)
VALUES
	(1, 1, "accounting", '2020-05-06', '2022-07-21'),
    (2, 2, "marketing", '2020-05-06', '2020-07-21'),
    (2, 3, "hr expert", '2020-05-06', '2022-07-21'),
    (3, 4, "hr expert", '2020-05-06', '2022-07-21'),
    (3, 5, "front end developer", '2020-05-05', '2022-07-21'),
    (3, 6, "back end developer", '2020-05-06', '2022-07-21'),
    (1, 7, ".net developer", '2020-05-06', '2022-07-21'),
    (1, 8, "accounting", '2020-05-06', '2022-07-21'),
    (2, 9, "back end developer", '2020-05-06', '2022-07-21'),
    (1, 10, "hr expert", '2020-05-06', '2022-07-21'),
    (3, 11, "accounting", '2020-05-06', '2022-07-21'),
    (2, 12, "front end developer", '2020-05-06', '2022-07-21'),
    (2, 13, "accounting", '2020-05-06', '2022-07-21'),
    (3, 14, ".net developer", '2020-05-06', '2022-07-21'),
    (3, 15, "marketing", '2020-05-06', '2022-07-21'),
    (1, 16, "front end developer", '2020-05-06', '2022-07-21'),
    (1, 17, "front end developer", '2020-05-06', '2022-07-21'),
    (2, 18, "back end developer", '2020-05-06', '2022-07-21'),
    (3, 19, "marketing", '2020-05-06', '2022-07-21'),
    (3, 20, "hr expert", '2020-05-06', '2022-07-21');

INSERT INTO certifications(emplid, cert_type, experation)
VALUES
	(1, "ITIL Certification", '2029-09-12'),
    (2, "ITIL Certification", '2029-09-12'),
    (3, "ITIL Certification", '2029-09-12'),
    (4, "ITIL Certification", '2029-09-12'),
    (5, "ITIL Certification", '2029-09-12'),
    (6, "ITIL Certification", '2029-09-12'),
    (7, "ITIL Certification", '2029-09-12'),
    (8, "ITIL Certification", '2029-09-12'),
    (9, "ITIL Certification", '2029-09-12'),
    (10, "ITIL Certification", '2029-09-12'),
    (11, "ITIL Certification", '2029-09-12'),
    (12, "ITIL Certification", '2029-09-12'),
    (13, "ITIL Certification", '2029-09-12'),
    (14, "ITIL Certification", '2029-09-12'),
    (15, "ITIL Certification", '2029-09-12'),
    (16, "ITIL Certification", '2029-09-12'),
    (17, "ITIL Certification", '2029-09-12'),
    (18, "ITIL Certification", '2029-09-12'),
    (19, "ITIL Certification", '2029-09-12'),
    (20, "ITIL Certification", '2029-09-12');
    
INSERT INTO training(emplid, training_type, date_completed)
VALUES
	(1, "harrassment training", '2021-06-08'),
    (2, "harrassment training", '2021-06-08'),
    (3, "harrassment training", '2021-06-08'),
    (4, "harrassment training", '2021-06-08'),
    (5, "harrassment training", '2021-06-08'),
    (6, "harrassment training", '2021-06-08'),
    (7, "harrassment training", '2021-06-08'),
    (8, "harrassment training", '2021-06-08'),
    (9, "harrassment training", '2021-06-08'),
    (10, "harrassment training", '2021-06-08'),
    (11, "harrassment training", '2021-06-08'),
    (12, "harrassment training", '2021-06-08'),
    (13, "harrassment training", '2021-06-08'),
    (14, "harrassment training", '2021-06-08'),
    (15, "harrassment training", '2021-06-08'),
    (16, "harrassment training", '2021-06-08'),
    (17, "harrassment training", '2021-06-08'),
    (18, "harrassment training", '2021-06-08'),
    (19, "harrassment training", '2021-06-08'),
    (20, "harrassment training", '2021-06-08');
    
INSERT INTO qualifications(emplid, qual_type, institution, qual_year)
VALUES 
	(1, "bachelor's of science", "Cambridge University", '2019-06-07'),
    (2, "bachelor's of science", "Cambridge University", '2019-06-07'),
    (3, "bachelor's of science", "Cambridge University", '2019-06-07'),
    (4, "bachelor's of science", "Cambridge University", '2019-06-07'),
    (5, "bachelor's of science", "Cambridge University", '2019-06-07'),
    (6, "bachelor's of science", "Cambridge University", '2019-06-07'),
    (7, "bachelor's of science", "Cambridge University", '2019-06-07'),
    (8, "bachelor's of science", "Cambridge University", '2019-06-07'),
    (9, "bachelor's of science", "Cambridge University", '2019-06-07'),
    (10, "bachelor's of science", "Cambridge University", '2019-06-07'),
    (11, "bachelor's of science", "Cambridge University", '2019-06-07'),
    (12, "bachelor's of science", "Cambridge University", '2019-06-07'),
    (13, "bachelor's of science", "Cambridge University", '2019-06-07'),
    (14, "bachelor's of science", "Cambridge University", '2019-06-07'),
    (15, "bachelor's of science", "Cambridge University", '2019-06-07'),
    (16, "bachelor's of science", "Cambridge University", '2019-06-07'),
    (17, "bachelor's of science", "Cambridge University", '2019-06-07'),
    (18, "bachelor's of science", "Cambridge University", '2019-06-07'),
    (19, "bachelor's of science", "Cambridge University", '2019-06-07'),
    (20, "bachelor's of science", "Cambridge University", '2019-06-07');
    
INSERT INTO applicant_tracking(emplid, date_applied, date_hired)
VALUES
	(1, '2020-05-07', '2020-07-05'),
    (2, '2020-05-07', '2020-07-05'),
    (3, '2020-05-07', '2020-07-05'),
    (4, '2020-05-07', '2020-07-05'),
    (5, '2020-05-07', '2020-07-05'),
    (6, '2020-05-07', '2020-07-05'),
    (7, '2020-05-07', '2020-07-05'),
    (8, '2020-05-07', '2020-07-05'),
    (9, '2020-05-07', '2020-07-05'),
    (10, '2020-05-07', '2020-07-05'),
    (11, '2020-05-07', '2020-07-05'),
    (12, '2020-05-07', '2020-07-05'),
    (13, '2020-05-07', '2020-07-05'),
    (14, '2020-05-07', '2020-07-05'),
    (15, '2020-05-07', '2020-07-05'),
    (17, '2020-05-07', '2020-07-05'),
    (18, '2020-05-07', '2020-07-05'),
    (19, '2020-05-07', '2020-07-05'),
    (20, '2020-05-07', '2020-07-05');
   
INSERT INTO application_stage(appid, app_stage, started, ended, interview_notes, passed)
VALUES
	(1, "hired", '2020-05-07', '2020-07-05', "They had very good communication skills", true),
    (2, "hired", '2020-05-07', '2020-07-05', "They had very good communication skills", true),
    (3, "hired", '2020-05-07', '2020-07-05', "They had very good communication skills", true),
    (4, "hired", '2020-05-07', '2020-07-05', "They had very good communication skills", true),
    (5, "hired", '2020-05-07', '2020-07-05', "They had very good communication skills", true),
    (6, "hired", '2020-05-07', '2020-07-05', "They had very good communication skills", true),
    (7, "hired", '2020-05-07', '2020-07-05', "They had very good communication skills", true),
    (8, "hired", '2020-05-07', '2020-07-05', "They had very good communication skills", true),
    (9, "hired", '2020-05-07', '2020-07-05', "They had very good communication skills", true),
    (10, "hired", '2020-05-07', '2020-07-05', "They had very good communication skills", true),
    (11, "hired", '2020-05-07', '2020-07-05', "They had very good communication skills", true),
    (12, "hired", '2020-05-07', '2020-07-05', "They had very good communication skills", true),
    (13, "hired", '2020-05-07', '2020-07-05', "They had very good communication skills", true),
    (14, "hired", '2020-05-07', '2020-07-05', "They had very good communication skills", true),
    (15, "hired", '2020-05-07', '2020-07-05', "They had very good communication skills", true),
    (16, "hired", '2020-05-07', '2020-07-05', "They had very good communication skills", true),
    (17, "hired", '2020-05-07', '2020-07-05', "They had very good communication skills", true),
    (18, "hired", '2020-05-07', '2020-07-05', "They had very good communication skills", true),
    (19, "hired", '2020-05-07', '2020-07-05', "They had very good communication skills", true),
    (20, "hired", '2020-05-07', '2020-07-05', "They had very good communication skills", true);

INSERT INTO evaluation(emplid, communication, job_knowledge, punctuality, dependability, overall, evaluator, date_written, comments)
VALUES
	(1, 10, 7, 8, 2, 14, "Sam Higgins", '2020-06-05', "Amazing Candidate"),
    (2, 10, 7, 8, 2, 14, "Sam Higgins", '2020-06-05', "Amazing Candidate"),
    (3, 10, 7, 8, 2, 14, "Sam Higgins", '2020-06-05', "Amazing Candidate"),
    (4, 10, 7, 8, 2, 14, "Sam Higgins", '2020-06-05', "Amazing Candidate"),
    (5, 10, 7, 8, 2, 14, "Sam Higgins", '2020-06-05', "Amazing Candidate"),
    (6, 10, 7, 8, 2, 14, "Sam Higgins", '2020-06-05', "Amazing Candidate"),
    (7, 10, 7, 8, 2, 14, "Sam Higgins", '2020-06-05', "Amazing Candidate"),
    (8, 10, 7, 8, 2, 14, "Sam Higgins", '2020-06-05', "Amazing Candidate"),
    (9, 10, 7, 8, 2, 14, "Sam Higgins", '2020-06-05', "Amazing Candidate"),
    (10, 10, 7, 8, 2, 14, "Sam Higgins", '2020-06-05', "Amazing Candidate"),
    (11, 10, 7, 8, 2, 14, "Sam Higgins", '2020-06-05', "Amazing Candidate"),
    (12, 10, 7, 8, 2, 14, "Sam Higgins", '2020-06-05', "Amazing Candidate"),
    (13, 10, 7, 8, 2, 14, "Sam Higgins", '2020-06-05', "Amazing Candidate"),
    (14, 10, 7, 8, 2, 14, "Sam Higgins", '2020-06-05', "Amazing Candidate"),
    (15, 10, 7, 8, 2, 14, "Sam Higgins", '2020-06-05', "Amazing Candidate"),
    (16, 10, 7, 8, 2, 14, "Sam Higgins", '2020-06-05', "Amazing Candidate"),
    (17, 10, 7, 8, 2, 14, "Sam Higgins", '2020-06-05', "Amazing Candidate"),
    (18, 10, 7, 8, 2, 14, "Sam Higgins", '2020-06-05', "Amazing Candidate"),
    (19, 10, 7, 8, 2, 14, "Sam Higgins", '2020-06-05', "Amazing Candidate"),
    (20, 10, 7, 8, 2, 14, "Sam Higgins", '2020-06-05', "Amazing Candidate");